{
  "version": "7",
  "dialect": "mysql",
  "entries": [
    {
      "idx": 0,
      "version": "5",
      "when": 1770190755997,
      "tag": "0000_cloudy_misty_knight",
      "breakpoints": true
    },
    {
      "idx": 1,
      "version": "5",
      "when": 1770190885583,
      "tag": "0001_mighty_switch",
      "breakpoints": true
    },
    {
      "idx": 2,
      "version": "5",
      "when": 1770345021643,
      "tag": "0002_misty_skaar",
      "breakpoints": true
    },
    {
      "idx": 3,
      "version": "5",
      "when": 1770345269929,
      "tag": "0003_brief_william_stryker",
      "breakpoints": true
    },
    {
      "idx": 4,
      "version": "5",
      "when": 1770356897143,
      "tag": "0004_dazzling_mysterio",
      "breakpoints": true
    }
  ]
}